"stage","control_mean","t1_coef","t1_se","t1_p","t2_coef","t2_se","t2_p","p_equal","n"
"Endline target",0.965686274509804,-0.0281862745098083,0.0181108007178899,0.124135102520033,0.0129462041226746,0.0100987849029797,0.204108766114581,0.017235674160143,2034
"Found",0.94585448392555,-0.00363226170332798,0.0151108385551081,0.810742641320423,0.0410450793932273,0.0103371371952028,0.000172739489577472,0.000597751442564867,2034
"Interview completed",0.942470389170897,-0.000248166948675157,0.0151443133515423,0.986972434016699,0.0415179659964976,0.0106897765735599,0.000231919946962272,0.0016296260423884,2034
"Matched to soil test data",0.688663282571912,0.210595976687343,0.0691926284614654,0.00329142203732331,0.213811244356765,0.0692546196682258,0.00290250319134286,0.927624424144865,2034
