"variable","control_mean","t1_coef","t1_se","t2_coef","t2_se","n"
"Household head age",42.5136612021858,1.04933720291785,0.892105489142321,1.12556035470043,0.823229230493653,1844
"Household head male",0.779174147217235,0.0179956641035197,0.0270480568917486,0.0255595805934156,0.0263914198645368,1869
"Household size",4.89208633093525,0.106338865915134,0.128102996713415,0.310576390958237,0.137555323428238,1867
"Land area (ha)",1.01137154961518,0.00288198030831405,0.0555699817717628,0.007194559085515,0.0586597859192512,1864
"Difficulty feeding family",0.271095152603232,0.0575211995980279,0.0400626777434273,0.0469521846748744,0.03480881643082,1869
