"outcome","control_mean","t1_coef","t1_se","t1_p","t2_coef","t2_se","t2_p","p_equal","n"
"Received recommendation",0.00179533213644524,0.96518579993903,0.0100603018193928,8.77010175742553e-76,0.983411768455277,0.00495726277615712,1.59316876658335e-96,0.0954286429617599,1869
"Received recommendation and found it easy/very easy",0.00179533213644524,0.778078881700039,0.017584253692717,9.23100052153252e-53,0.884299342419777,0.0119274132679364,2.60655475821531e-67,5.23618007194751e-07,1869
"Received recommendation and followed it",0.00179533213644524,0.586254982328962,0.0284463707579751,2.25726989212671e-31,0.909447271413839,0.0119271201396878,3.8765305717645e-68,3.72852833894298e-25,1869
"Agronaut visited household",0.174147217235189,0.22836850603525,0.0365614215405289,2.90247579000392e-08,0.214906037202677,0.0412432287233692,1.87416178320074e-06,0.770668319160204,1869
"Received voucher",0,5.46342916242166e-15,1.06289557427491e-15,2.39719453585746e-06,0.973372781065062,0.00595075618788239,8.86022079938386e-91,0,1869
"Redeemed voucher",0,-9.7994840532325e-15,4.1335436042762e-16,4.33097069631771e-35,0.960059171597623,0.0125673341422769,3.41371729100164e-68,0,1869
"Voucher enough for full recommended purchase",0,2.63415334616759e-15,1.08224866768176e-16,8.39898279540912e-36,0.136094674556213,0.0258836193854078,1.56119446710156e-06,1.6239211752078e-07,1869
