"outcome","outcome_label","controls","n","clusters","control_mean","t1","t1_se","t1_p","t2","t2_se","t2_p"
"N_kgha","Nitrogen","No",1626,113,18.4130337664611,0.638451057330488,1.97340906998199,0.746899501698941,10.3805636818883,1.18967323089715,2.83942081947862e-14
"N_kgha","Nitrogen","Yes",1595,113,18.396374644905,0.613398875878596,1.72897576005169,0.723424668907023,9.10184296474709,1.22913387554413,2.62175828643141e-11
"P_kgha","Phosphorus","No",1626,113,2.49900243379403,0.132692861960293,0.197134770777258,0.502265540692786,1.62630006631679,0.179191977742676,4.47551710585428e-15
"P_kgha","Phosphorus","Yes",1595,113,2.49711360479717,0.138640474091404,0.19148127005682,0.470549651252153,1.50483054329988,0.166888733613373,6.10698852363465e-15
"K_kgha","Potassium","No",1626,113,1.25768899002147,0.0767195433938284,0.0983063563172193,0.436794170161844,0.828764176815092,0.0903167324838036,2.62944466484427e-15
"K_kgha","Potassium","Yes",1595,113,1.25694606434713,0.078585329654667,0.0955715205299708,0.412671951544687,0.770848879080596,0.0846069672298355,3.71493018697501e-15
"totalnutrient_kgha","Total nutrients","No",1626,113,22.1697251737544,0.847863475786783,2.12198108797513,0.690239923553392,12.8356279462975,1.43657095629934,9.42104811221634e-15
"totalnutrient_kgha","Total nutrients","Yes",1595,113,22.1504343006999,0.830624689635158,1.89402164365743,0.66183183304383,11.3775224070019,1.44736085117188,2.56215375424359e-12
