"column","sample","n","clusters","control_mean","t1","t1_se","t1_p","t2","t2_se","t2_p","uses_controls"
"(1)","All crops",1953,113,78.4619289340101,150.567700695619,147.714657848908,0.310250441288113,249.054941517233,217.730572651548,0.255117461510742,"No"
"(2)","All crops",1831,113,82.8690036900369,164.730843718457,172.283426623934,0.341049776255747,343.073043176512,254.946048776366,0.18112708559729,"Yes"
"(3)","Maize only",1626,113,83.3580786026201,3.36793615752813,6.87276686033037,0.625063590863613,28.5987904069648,6.00608085933472,5.7884679829881e-06,"No"
"(4)","Maize only",1595,113,83.0469798657718,2.5040354703511,6.20269015634575,0.687201958768246,33.4262666244809,5.35405405217535,7.89314152945629e-09,"Yes"
