"column","sample","n","clusters","control_mean","t1","t1_se","t1_p","t2","t2_se","t2_p","p_equal","uses_controls"
"(1)","All crops",1951,113,78.4619289340101,2.24281884047057,7.2930348017849,0.759011965802367,30.5090477423802,6.39920289241698,5.64725567018581e-06,1.93559533250622e-07,"No"
"(2)","All crops",1829,113,82.8690036900369,2.15691218988935,6.80489549620118,0.751860399645774,35.126372633708,4.99148390027728,1.65928960003181e-10,5.36740762002137e-09,"Yes"
"(3)","Maize only",1626,113,83.3580786026201,3.36793615752813,6.87276686033037,0.625063590863613,28.5987904069648,6.00608085933472,5.7884679829881e-06,2.06230175292551e-07,"No"
"(4)","Maize only",1595,113,83.0469798657718,2.5040354703511,6.20269015634575,0.687201958768246,33.4262666244809,5.35405405217535,7.89314152945629e-09,3.41506111932353e-10,"Yes"
