"column","sample","n","clusters","control_mean","t1","t1_se","t1_p","t2","t2_se","t2_p","uses_controls"
"(1)","All crops",1953,113,10.2275296040609,-1.43552959665331,1.60104129215686,0.371843597235367,-7.49288623142615,1.37712293335089,3.15341328233278e-07,"No"
"(2)","All crops",1831,113,11.106033202952,-1.78141525915505,1.7467780999443,0.310007356613464,-7.79336713761125,1.51777368352661,1.20251128014691e-06,"Yes"
"(3)","Maize only",1626,113,11.9966593799127,-1.13946379873181,2.01094597328201,0.572098856836313,-8.99554117384249,1.64130757148984,2.64256522133123e-07,"No"
"(4)","Maize only",1595,113,12.2359507740492,-1.40453712684849,2.03118129647358,0.490689915559683,-8.72486199940335,1.71166530160722,1.41219040778309e-06,"Yes"
