"column","n","clusters","control_mean_log","control_mean_level","t1","t1_se","t1_p","t2","t2_se","t2_p","p_equal","uses_controls"
"(1)",1610,113,6.00593411076923,623.072779230769,-0.125609881368486,0.106464639158984,0.240568866683298,0.363499708232385,0.101013709942218,0.000477952246603826,0.000121500766487849,"No"
"(2)",1565,113,6.00643352579185,628.13676,-0.119977064180094,0.102963430180455,0.246397737420926,0.2913305180783,0.0960013151781501,0.00299437099658055,0.00042907208060153,"Yes"
