"scenario","column","n","clusters","control_mean_log","control_mean_level","t1","t1_se","t1_p","t2","t2_se","t2_p","p_equal","uses_controls"
"preferred_adjusted","(2)",1565,113,6.00643352579185,628.13676,-0.119977064180094,0.102963430180455,0.246397737420926,0.2913305180783,0.0960013151781501,0.00299437099658055,0.00042907208060153,"Yes"
"drop_top_yield_F_3183","(2)",1564,113,6.00643352579185,628.13676,-0.117090781694758,0.102963582116621,0.257879382908529,0.283107130902139,0.0945210621212545,0.00337699141065089,0.000501298623384027,"Yes"
"drop_yield_above_10000","(2)",1561,113,6.00643352579185,628.13676,-0.125284731831629,0.101186730975988,0.218248108051762,0.272986524058335,0.0937226374745992,0.00432589395014779,0.00044247397422301,"Yes"
"drop_yield_above_5000","(2)",1551,113,5.98713446856492,585.352578405467,-0.128913684081826,0.101625332001222,0.207242877212459,0.275137512504807,0.0932562714620939,0.00386601065513955,0.000364097926002094,"Yes"
"drop_maize_area_below_0.1","(2)",1563,113,6.00596147437642,628.427319546485,-0.115497986110279,0.102980991691112,0.264454097387002,0.285128958735675,0.0944718880900508,0.00314929446647703,0.000494278639329286,"Yes"
